universe,model_top3_return_pct,always_buy_return_pct,benchmark,benchmark_return_pct,model_top3_value_100k,always_buy_value_100k,benchmark_value_100k
original_tech,-3.0432278055621538,0.8375576419982025,QQQ,0.3721538438544769,96956.77219443786,100837.5576419982,100372.15384385448
tech_no_nvda,-4.211633565273459,0.05502635118352828,QQQ,0.3721538438544769,95788.36643472654,100055.02635118352,100372.15384385448
new_tech,1.5630529069035788,1.0970137503998814,QQQ,0.3721538438544769,101563.05290690358,101097.01375039987,100372.15384385448
defensive_non_tech,-2.361110918530258,-0.5004768357063512,SPY,0.4884973334897609,97638.88908146974,99499.52316429366,100488.49733348977
